{
  "version": "7",
  "dialect": "sqlite",
  "entries": [
    {
      "idx": 0,
      "version": "6",
      "when": 1761024823889,
      "tag": "0000_absurd_vargas",
      "breakpoints": true
    },
    {
      "idx": 1,
      "version": "6",
      "when": 1763234192382,
      "tag": "0001_uneven_paper_doll",
      "breakpoints": true
    },
    {
      "idx": 2,
      "version": "6",
      "when": 1763237132317,
      "tag": "0002_hesitant_dagger",
      "breakpoints": true
    },
    {
      "idx": 3,
      "version": "6",
      "when": 1763237361508,
      "tag": "0003_first_kronos",
      "breakpoints": true
    },
    {
      "idx": 4,
      "version": "6",
      "when": 1767199555204,
      "tag": "0004_spooky_felicia_hardy",
      "breakpoints": true
    },
    {
      "idx": 5,
      "version": "6",
      "when": 1767199764583,
      "tag": "0005_daffy_mad_thinker",
      "breakpoints": true
    }
  ]
}